[Header],,,,,,,,,,,
IEMFileVersion,4,,,,,,,,,,
Investigator Name,User Name,,,,,,,,,,
Experiment Name,"Experiment",,,,,,,,,,
Date,04/10/2026,,,,,,,,,,
Workflow,GenerateFASTQ,,,,,,,,,,
Application,NextSeq FASTQ Only,,,,,,,,,,
Assay,,,,,,,,,,,
Description,,,,,,,,,,,
Chemistry,Default,,,,,,,,,,
,,,,,,,,,,,
[Reads],,,,,,,,,,,
101,,,,,,,,,,,
101,,,,,,,,,,,
,,,,,,,,,,,
[Settings],,,,,,,,,,,
AdapterRead1,AGATCGGAAGAGCACACGTCTGAACTCCAGTCA,,,,,,,,,,
AdapterRead2,AGATCGGAAGAGCGTCGTGTAGGGAAAGAGTGT,,,,,,,,,,
AdapterBehavior,trim,,,,,,,,,,
MinimumTrimmedReadLength,35,,,,,,,,,,
MaskShortReads,35,,,,,,,,,,
OverrideCycles,U7N1Y93;I8;I8;U7N1Y93,,,,,,,,,,
,,,,,,,,,,,
[Data],,,,,,,,,,,
Sample_ID,Sample_Name,Sample_Plate,Sample_Well,Index_ID,index,index2,Sample_Type,Pair_ID,Tumor_Type,Sex,Sample_Project
